category,summary
5,환자는 당뇨에 관련된 약물을 받아야 함.
5,환자에게 심혈관 관련된 정보를 전달해야 함.
5,환자는 현재 다량의 약을 복용하고 있어서 다른 병이 있을 때는 일부 약을 중달하는 것이 좋을 수 있다.
6,"환자가 약을 복용하지 않고 있다는 사실을 약사에게 전달하고, 자세한 상황을 설명하겠다는 내용을 전달함."
5,환자가 현재 가지고 있는 질환들은 실제로 낫는 질환들이 아닌 것 같다.
5,약을 꾸준히 복용해야 혈관 손상을 예방할 수 있다.
5,손상된 부위와 예측이 어려운 상황으로 중단하지 말고 계속 진행하는 것이 좋습니다.
5,"- 다른 약을 복용할 때 아스트림은 일주일 전에 중단해야 함
- 예를 들어 건강검진 시 중단 필요"
6,"약사가 한 가지 아이템만 남았고, 그 다음에 다른 것을 확인해야 한다."
5,환자가 당뇨가 심하게 발생하고 있다는 사실을 전달해야 합니다.
5,"환자가 당뇨 약을 3가지 복용 중이며, 성분으로는 둘, 넷, 다섯, 다섯 종이 들어있다."
6,의약품 한 알에 성분이 2개씩 묶여져 있음.
6,환자가 예전처럼 당뇨 약을 먹는다면 알루미늄을 섭취할 수 있어야 한다.
5,"환자가 당뇨약을 줄이는 것이 가장 현실적인 것으로 생각하고 있으며, 현재 복용 중인 약을 이에 맞게 조정하고 싶어한다."
5,환자가 1정을 복용하였는데 혈당이 낮아졌다. 혈당이 76.8로 떨어졌다. 약의 세기에 대한 언급이 있었다.
5,"6, 6.5 미만으로 혈당이 떨어지면 줄이는 것을 고려하라."
5,환자에게 조금만 더 노력하면 좋을 것이고 노력이 중요하다.
5,당뇨의 문제는 혈당이 과도하게 높거나 너무 낮아지는 것이 중요하다.
5,당뇨는 변동이 심한 병이며 항상 높은 수치가 아닌 때도 있다.
6,환자가 약을 떨어뜨려서 회사에 와도 정신이 없다고 함.
6,"환자가 현재 50 견의 결과를 받았고, 약을 복용 중이 아니라고 말했지만 다른 사람은 먹고 있는 경우도 있다고 전달함."
6,환자가 50세이고 방뇨 수치가 높아져서 팔도 옷도 못 입겠다고 하며 스트레이드 조사에서 맞았다고 말함.
6,환자에게 혈압 측정 결과가 높게 나와 재검이 필요하다고 안내함.
6,스테로이드 대신 다른 약물을 복용하여 알레르기 반응이 줄어들었습니다.
6,"당뇨 수치가 올라갈 때 스테로이드 성분이 떨어지면 다시 수치가 떨어지는지, 높아지는 것 자체가 문제인지에 대해 의미를 고민해야 한다."
5,"스트레스를 피해야 하고, 검사 결과가 높으면 다시 검사를 받아야 한다."
5,환자의 혈당 수치가 다시 6.8로 떨어졌다.
4,스테로이드 사용 시 부작용이 있을 수 있다.
6,"스테로이드를 안 써도 뼈에 맞는 주사는 올릴 수 있지만, 일시적으로 올리는 것을 용인해도 되는지에 대해 의심이 있음."
5,약물 효과가 좋아질 경우 약이 맞지 않을 수 있음을 염두에 두어야 함.
5,당화혈색소나 일시적 혈당이 올라갈 때 조직이 손상된다.
6,올리지를 말지 말아야 한다는 내용을 전달해야 한다.
5,환자가 최대한 치료 기간을 최소화하는 것이 좋다고 강조하고 있다.
6,약을 말로 복용하는 것이 좋다.
3,"- 환자의 혈관이나 장기에 치료가 침투됨
- 관절염 치료에 스테로이드 또는 소염진통제 선택 필요
- 소염진통제도 혈당을 올릴 수 있음"
5,환자가 치료기관을 단축하기 위해 스테로이드를 짧게 사용하고 싶어 한다.
5,"환자는 증상을 참을 수 있고, 장기간에 걸친 운동도 가능하다."
6,"환자가 스테로이드인 '스테드'를 복용 중이며, 이전에 몇 번 복용했음."
6,환자가 몇 년 전에 받은 치료에 대해 이야기함.
6,"의약품 효과에 대해 고민 중인 환자가 다시 왔으며, 고민 중인 내용에 대해 상담을 받고 싶어한다."
5,환자가 통증이 심한 경우 스테로드제를 받고 내분비내과 당뇨 관리 전문의에게 스테로이드 사용 사실을 알려야 함.治향적 치료 중요.
6,약물에 대한 부작용이 심할 경우 더 나은 옵션을 고려해야 합니다.
6,"맞는 방법을 선택하는 것이 중요하며, 다른 대안을 찾는 것이 좋다."
5,"물리치료를 잦은 주기로 받고 근력 운동을 해야 하며, 당뇨 관리는 근육량에 영향을 미친다. 근육량을 유지하는 것이 중요하다."
5,운동 시 난리가 났고 피 검사를 받았는데 이걸 말하고 있음.
6,환자가 조금이라고 말했습니다.
6,"환자가 CPK 수치를 확인하기 위해 피 검사를 했는데, CPK는 크레아틴 인산화효소를 뜻한다."
6,환자의 CPK 수치가 중요하다.
6,환자는 6살이다.
6,"환자의 행문분 융예증의 숫자가 2000에 이르렀고, 훈련을 받아 일보다 더 높은 숫자를 기록했다."
6,"환자가 근육이 다 녹았다고 생각하는데, 실제로는 전혀 운동을 하지 않아서 근육운동에 대해 잘 모르는 상황이다."
5,혈당 검사를 받으러 가기 전에 몸을 움직여 근육을 만들어야 한다. 세게 했을 때가 아니라 적당한 운동이 필요하다. 알이 모두 백인 상태로 가야 한다.
6,10 키로짜리 약이 15 키로로 바뀐 것 같다고 환자가 말했다.
6,환자는 무게 없이 운동을 할 것을 원한다.
6,약사가 말했다. 무게 없이 운동을 해야 한다.
5,환자가 선생님의 권고에 따라 자신의 몸 상태를 살펴보고 방문한 것이다.
6,- 약사에게 박트를 계속해서 감사한다.
6,"환자가 메일로 대화 내용을 정리해서 보내줄 것이고, 메일 주소를 알려주면 보내줄 것이다."
6,"메일로 더 자세한 내용을 전달할 예정이며, 죄송하다는 말씀을 전하고 있습니다."
6,환자가 선생님의 짧은 발걸음에 대해 언급함.
6,환자는 처음 방문이라 질문이 많지 않을 것이라고 말했습니다.
6,15분으로 엄청 바쁘게 예약이 잡혀서 촉박하다고 느낌.
5,"- 환자가 비염과 위염을 가지고 있다.
- 환자가 프로폴릿(아연)을 복용 중이지만 효과를 크게 느끼지 못했다.
- 아연이 귀여운 맛이라고 하며, 한 달 이상 복용한 상태이다."
5,2개 성분이 모두 비염에 좋다는 것이 확인되었다.
6,아연이 위험에도 좋은 영향을 준다.
5,아연은 전막 재생을 도와주는 영양소로서 일상 음식에서 결핍이 잘 일어나는 성분입니다.
3,아연 섭취로 위전막과 코 점막이 튼튼해지며 좋아진다.
5,"프로폴리스는 항염 작용이 많아 기관지 면역에 좋고, 회사에서 보여준 제품이 닥터 아의 것이다."
2,약물의 함량을 검토해야 한다.
6,환자에게 한번 더 확인해 볼 것을 약속함.
6,"환자는 인터넷 연결이 불안정하다고 하며, 갑자기 끊어진다고 말했다.환자의 인터넷 연결이 불안정하다는 점을 확인해야 한다."
6,"환자가 대기하는 동안에 나눈 얘기를 정리해서 나줄 예정이며, 시간이 없을 것 같아서 메모할 시간이 부족할 것이라고 함."
6,환자에게 고려 운당밀크를 드시라고 권유되었습니다.
5,비타민 섭취는 중요하지만 피부감 해소에는 도움이 되지 않을 수 있으니 식사에 주의하세요.
5,환자는 대부분 두 끼를 들고 점심과 저녁에 드시는 것으로 보임.
5,환자가 크게 식사를 못하는 이유는 다이어트 중이거나 종합비타민을 복용하여 결핍 상태가 아닐 가능성이 있다.
5,환자는 결핍은 해결되었지만 여전히 피곤한 상태이다.
5,결핍이 심각하지 않지만 충분한 활력을 얻기에는 부족한 상태이다.
2,종합 비타민은 바닥 수취가 어려운 사람들을 위해 먹는 것이다.
2,약은 많이 들어있지만 양이 부족한 상황이다.
6,피로회복 비타민과 광고 제품은 다양하지만 종류는 다양하지 않음.
5,비타민 비 군이 종합 비타민보다 10~20배 강하게 들어있어서 더 효과적이다.
3,"비타민 삐군은 음식을 먹은 후 세포가 태워서 에너지로 변환하는 역할을 하며, 세포의 에너지 생산과 에너지 대사를 촉진시킨다."
5,비타민 삐군을 먹으면 더 활력 있고 기운이 차있어진다.
5,근육량을 조절하려면 사이클 운동을 많이 해야 한다.운동량이 많을수록 에너지 대사가 더 신속해진다.
5,피로감을 느낄 때 운동 부족과 비타민 비 부족을 확인해야 합니다.
6,"비타민 B는 고기와 신선한 과일, 채소에 많이 들어있는데요."
5,현재 비건식이 아닌 사람들은 비타민 B 결핍이 적을 수 있다.
5,환자가 아침에 먹는 게 운동에 영향을 미치는지 관심 있음.
3,약물이 몸 속에 들어가면 계속해서 남아있게 될 수 있음.
5,환자가 아침에 식사를 거의 안 하므로 저녁 식사로 대체해도 괜찮을 것 같다.
6,환자가 점심을 먹을 수 있는 곳을 찾아서 드시는 것이 좋다.
6,약효가 떨어질 수 있으며 습기와 오래된 저장 상태가 영향을 줄 수 있음. 눈에 무거운 느낌과 뻑뺙함이 있음.
5,"눈이 건조해지면 눈에 상처가 생기고, 공기의 산소 공격을 받을 수 있으므로 인공눈물을 자주 사용해야 합니다. 인공눈물을 수시로 사용하는 것이 중요하며 먹는 것만으로는 부족합니다."
6,환자는 현재 30대로 보인다.
5,"20대와 30대에서는 마그네슘과 오메가 3이 결핍 영양소로 중요하며, 생선 구이를 자주 먹지 않는 세대가 많다."
3,"눈의 수분층 위에 오메가 3 기름층이 형성되는데, 오메가 3가 부족하여 이 기능이 올바르게 작동하지 않을 수 있다."
3,"오메가 3를 섭취하면 눈의 뻑뻑함이 줄어들 뿐만 아니라 생리불신에도 도움이 되며, 몸에서 호르몬의 재료로 변환된다."
5,호르몬 불균형으로 인한 여드름이나 생리 불순과 관련된 상황에서의 조언이 필요하다.
6,오메가 3를 더 섭취하는 것이 좋습니다.
6,혈액 순환이 오메가 쓰리니까 편안한 쪽으로 불편하신지 확인해야 합니다.
5,"다리가 부어 느낌이 항상 들어가고 무슨 운동을 하라고 적었는데, 발레 하체 운동이 좋다고 함."
5,발레시 체중 감량은 하지 말고 유지만 하세요.
5,"근육 부족으로 종아리 아래쪽에 물집이 생기는데, 오래 앉아 있을 때 혈액이 아래로 향하면 근육이 압력을 제대로 줄 수 없어서 물집이 생길 수 있다.근육이 충분한 압력을 제공해야 한다."
6,환자에게 밀크시슬을 조절하여 복용하라고 권고하고 있다.
1,"멀티 비타민 섭취량을 줄이고, 오메가 3, 프로폴리스, 아이언 C 섭취량을 늘리는 것이 좋다."
5,"환자는 오메가 3가 만성 염증을 관리하고 비염에도 효과가 있으며, 식물성 오메가 3을 권장하고 있지만 환자는 동물성을 먹었음.식물성 오메가 3은 염증 억제 성분이 적어 동물성이 더 좋다고 설명함."
6,한 번 더 처리된 음식은 흡수도 좋고 냄새도 줄어들어서 드시면 좋을 것 같다.
2,"해당 약은 하루에 두 알씩 복용해야 하며, 식후에 밥 먹은 뒤에 복용하는 것이 좋습니다."
6,인터넷 연결에 문제가 있어서 환자가 인터넷을 사용할 수 없다.
5,환자가 느린 것을 느꼈고 이상하다고 느낌을 표현함.
6,프로폴리스 아이언의 용량을 다시 검토하고 메일로 내용을 보내줄 예정이다.
5,환자가 밀크시스를 선택한 이유가 간이 나빠져서 피로가 쌓여있어서인 것 같다.
6,"피로를 타겟으로 한 광고가 많은데, 피로의 원인이 다양하므로 주의해야 한다."
5,"수면 부족이 건강에 미치는 영향을 알아봐야 하며, 각 사람마다 필요성이 다를 수 있다."
5,"환자가 잠을 충분히 주무는지 확인하고, 아침에 일어나는 데 어려움이 있는지 확인하는 중요한 질문을 하고 있다."
5,환자에게 더 많은 잠을 자도 피로감은 여전히 남는다.
5,"환자에게는 항산화재를 더 먹는 것과 근육량을 늘리는 것이 좋다고 전달되었고, 특히 다리의 부음을 줄이기 위해 활동량을 조절해야한다고 강조되었습니다."
5,"하지정맥류 수술 후에도 다시 올 수 있으며, 끝이 아니다."
5,근육량이 빠진 체질의 사람에게는 언제든 재발 가능성이 있으므로 수술해야 함.
5,"운동을 하지 않고 혈관이 늘어날 경우, 다시 혈전이 생길 수 있으므로 꾸준한 운동이 중요하다."
5,"수술로 해결되는 문제가 근본적인 치료는 아니며, 운동을 통해 해결할 수 있으며, 걷는 것도 좋다."
5,"하체 운동, 특히 스쿼트와 같은 운동으로 엉덩이와 다리 근육을 강화하면 통증이 감소할 수 있다."
6,"환자에게 더 좋은 결정을 하도록 권고하고, 환자가 감사를 표현함."
6,환자가 인사를 하였다.
6,환자가 앞에서 몇 번 해봤을 때 시간이 짧다고 느꼈다.
6,"환자가 못 다한 얘기가 있다면 메일로 회신할 수 있다고 안내받았으며, 이서영 선생님이 맞는지 확인하였다."
6,환자가 의사에게 많은 질문을 할 것으로 예상하지 않았는데 생각보다 많이 질문할 것으로 예상됨.
6,"환자가 현재 복용하고 있는 약은 3가지뿐이며, 영양제로는 콜라겐, 오메가 B 등을 복용하고 있다. 함께 복용할 약에 대해 궁금해하고 있다."
5,다이어트를 위해 탄수화물과 가르시양을 많이 섭취해야 한다.
3,지용성과 수용성 비타민은 식사 후에 섭취하는 것이 좋음.
6,음식물을 먹을 때 담세쌈이 분비되어 기름을 흡수하는 것을 돕습니다.
5,식사를 거른 채로 먹으면 영양소의 흡수율이 10~30% 미만으로 떨어진다.
5,"식후에 오메가 쓰리, 비타민 등의 녹는 물질을 먹어야 함."
5,"식후에 먹는 것이 효과적이며, 비타민 C는 수용성 비타민이다."
5,높은 함량의 음식은 빈 속에 먹으면 소화를 잘 못 시킬 수 있다.
2,"식후에 유상계를 함께 드셔도 괜찮고, 아침에 먹는 것이 좋다."
5,"오메가 3, 비타민 C, 콜라겐, 판텐틴, 유산균을 아침에 함께 섭취하는 것이 좋다고 함."
5,위장 문제로 인해 위가 아프고 있으며 오메마 쓰리 콜라견을 사용하는 것이 도움이 될 수 있다.
6,"환자의 언급에 따르면, 현재 증상이 비타민과 관련이 있는 것일수도 있으며, 다시 확인이 필요하다."
6,"환자가 울고 있으며, 우울증 증상이 심하다는 것을 보여주고 있다."
5,환자는 매일 술자리가 있거나 피곤한 날에는 식사를 거르고 출근하자마자 먹는다.
5,빈 속에 유산균을 제외한 음식을 드세요.
6,"의사가 환자에게, 현재 속도가 떨어져서 먹기 어려우니 속도를 조절하고 에플샤이더를 알록달록으로 먹는 것이 좋다고 조언했다."
6,"환자가 다이어트 중이고, 약을 복용한지 1주일 되지 않았다. 현재 효과가 없다며 의사와 효과에 대해 이야기하고 있다."
5,"식단 조절만으로는 살이 빠지지 않을 수 있으며, 평상시에도 식단 관리가 필요하다."
6,환자와 아줌마들이 초반에 물질이 빵 나오는 것에 관심을 가지고 있다.
5,운동과 식단 조절을 해도 살이 빠지지 않아서 고민하고 있는 환자가 있음. 처방된 약물은 도움이 되지 않는다고 함.
5,"다이어트는 초반에 많이 감량하는 것이 중요하고, 계획을 짧게 잡아서 유지하는 것이 중요하다. 의지와 시욕은 뒤로 갈수록 약해지므로 초반에 짧게 감량하는 것이 중요하다."
5,유지할 때 요요현상이 나타날 경우 살이 빠지지 않는 체질이 될 수 있다.
6,두통 주사를 맞을 때 근육이 빠져서 지방이 그 자리에 채워지는 현상이 발생할 수 있다.
5,운동을 통해 근육을 증가시키는 것이 중요하다. 이후에는 살을 빼는 것이 어려워질 수 있다.
6,환자가 종합비타민만 복용하고 다른 약을 복용하지 않는다고 함.
5,환자는 이제 30대 후반으로 들어가면 종합비타민과 오메가 3를 복용해야 한다고 말했다.
5,종합비타민에는 오메가 3가 들어 있지 않으니 들이키지 말아야 합니다.
5,"50대로 넘어가면 호르몬 수치가 떨어지는데, 오메가 3는 혈당을 조절하고 염증을 완화시키며 노화를 늦추는데 도움이 된다. 추천 상담은 오메가 3을 권장한다."
6,소화 기능이 나쁠 때는 코스트 바이오틱스와 유상균을 섭취하는 것이 좋다. 유장균과 유상균의 차이를 알고 계시나요?
6,"프로바이오틱스는 유산균이며, 프리바이오틱스는 유산균의 먹이이다."
6,유산균 제품을 선택할 때 유산균의 먹이인 말토즈(프리바이어틱스)가 들어 있는지 확인해야 한다.
6,균과 먹이를 함께 넣어서 장에 부착시켜 살 수 있도록 돕는 것이 중요하다.
6,혼합된 제품을 사는 것이 둘 중 하나만 먹는 것보다 더 좋다.
5,"- 화장실에 잘 못 가는 상황
- 포스트 바이오틱스 복용 후 효과 양호함."
6,"포스트 바이오틱스는 유산균이 되는 단계를 말하며, 매일 먹는 유산균과는 다른 의미를 갖는다."
6,환자에게는 배출되는 대사 산물이 포스트 바이어틱스라는 것을 전달해야 합니다.
6,프로바이오틱스는 많이 검증되었고 높은 기능성을 가지고 있다.
3,"프로바이오틱스는 단독으로 섭취해도 효과가 있는데, 포스 바이오틱스와 함께 먹으면 효과가 더 좋다고 합니다."
1,"환자가 말하길, 프리바이오틱스를 10억마리 섭취하는 것이 좋다고 했다."
6,"- 현재 치료 효과가 부족하며 혈청 균수만으로는 정확한 정보를 얻기 어려움
- 회사에서는 어떤 약물을 복용해야 하는지 물어봄"
2,"환자는 현재 프로바이오틱스를 복용 중이고, 균을 확인하기 위해 검사를 받으려고 함."
6,"균이 다양해야 하며, 10억마리 제품은 가격이 저렴한 제품도 있다."
6,열에 잘 견디는 균과 기능성 입증 안 된 균 수가 많아서 숫자를 채우기 위해서 일부 균을 사용하고 있다.
6,"환자가 팬드 필라라고 하는 것으로 보아, 프리마이 특상을 받았음을 알 수 있습니다."
5,환자가 유상균을 섭취하여 어떤 효과를 원하는지 물어봄. 변밀에 관심 있는 것으로 보임.
5,"선택한 제품은 장에 좋은 균이 아닌 질 건강을 위한 것이며, 질 감염이나 방광염, 질염에 특화돼 만들어졌고 10억마리로 구성돼 있습니다."
6,"환자가 비싼 제품의 효과가 없다고 느껴 다른 제품으로 바꿀 것을 권유했고, 그냥 평범한 제품을 선택하는 것이 나을 것이라고 조언했다. 함께 먹어야 할지 여부에 대해 설명하며, 앞서 언급한 여자와의 관련이 있는 제품을 말했다."
6,환자가 자주 감염에 걸리는지 묻고 있다.
6,환자가 음식을 먹지 않으면 살 수 없다는 사실을 인지해야 합니다.
4,"약물 복용 중인 환자가 과잉 섭취 우려를 표현했지만, 부작용 없이 가성비 좋다는 의견을 전달함."
5,유산균을 찾을 때에는 그냥 일반 유산균이 좋다.
5,"유산균이 여성 건강과 변비에 좋고 추천 제품을 보내줄 것이며, 이후 구매 시 고려할 수 있도록 유산균의 이점과 함께 정보를 제공할 예정이다."
5,"환자가 건강에 대해 많은 걱정을 하고 있고, 자신감이 부족한 듯하다고 이야기했다. 이에 대해 의료진이 걱정하는 이유를 물었고, 환자가 힘들어 보인다고 덧붙였다."
6,"환자는 옆집 아줌마를 통해 한미약품에서 받은 비타민 D를 복용하고 있으며, 쿠팡 물건을 잘못 뜯어 죄송해하는 상황이 있었다. 지금은 비타민 C와 B를 복용하고 있다."
5,"유산균은 변비 때문에 섭취하고, 판테톤산은 피부에 좋은 영향을 끼치는 것이 아닌 것임을 이해해야 합니다."
6,여드름이 좋다는데 인스타에서 약사가 콜라겐과 비타민C를 함께 섭취하면 피부에 좋다고 알려주었음.
3,비타민 C는 신맛을 가지고 있고 위장을 산성으로 만들어 유산균이 잘 살 수 있는 환경을 만들어준다.
6,게를 많이 섭취해도 속이 쓰릴 수 있으니 조정이 필요하다.
4,"약물이 속을 쓰리게 만드는 부작용은 없고, 오히려 그것도 도움이 될 수 있다."
5,산증이라는 질병으로 인해 몸에 알칼리아가 많아 산이 많이 나오는 환자. 비타민 C를 잘 선택한 것으로 판단되며 약물 구성도 잘하였다.
6,"매일 마그네슘을 복용하는 것은 귀찮고, 견과류가 정착되면 필요 없다."
5,"마그네슘은 근육 강직을 푸는데 도움이 되며, 생리통도 개선할 수 있습니다. 생리할 때만 먹을 시간이 좀 짧은 것 같고, 잠을 잘 잘 수 있는지 물어봅니다."
5,"비타민 D는 대다수 한국인이 결핍하며, 현재 드시는 양은 가끔 드셔도 괜찮다."
5,환자는 계속 밖에서 일하는 사람이라서 영양 섭취가 중요하며 잠을 잘 못 이루는 상태이다.
2,빈속에 드시던 음식을 40도로 데워 먹어야 합니다.
5,비타민 결핍으로 인한 구루병은 뼈 건강에 영향을 줄 수 있다.
5,뼈 건강은 40세에서 절정을 찍고 그 후로 점점 감소한다.
5,"40세부터는 보충제를 더 이상 증가시키지 말아야 하며, 이후에는 정점을 찍은 후로 살아야 한다.생외요."
6,"환자는 다른 질은 없으며, 선물 받은 것 중에 있는 것을 먼저 쓰고, 소퍼 단기를 사용하기 전에 먼저 사용하라고 조언받았다. 날짜가 남아있다."
6,환자는 제품이 개별 포장되어 있고 병에 담긴 모양의 제품인데 이것이 일 년 사용하기 충분하다고 말했다. 보통 이 제품은 한두 달 사용량으로 판매되는데 이에 감사하다고 했다.
6,환자가 약을 받아간다.환자가 말했음을 암시한다.
6,"환자의 이름은 박경정이고, 예상보다 대화 시간이 충분하지 않았다."
6,"환자에게 대화 내용을 정리해서 메일로 보내드릴 수 있으며, 메일 주소를 하나만 남기면 된다."
6,"환자가 작성한 건을 확인하고, 현재 복용 중인 약이 거의 없으며 영양제만 복용 중이라는 사실을 전달함."
5,"환자가 병원에서 녹내장 약을 처방받아 복용 중이며, 녹내장이 오른쪽에 있다고 말했다."
5,"환자가 나이가 들면서 영양제를 먹는데 언론을 통해 혼란스러운 정보를 받는다. 현재 오메가 3를 먹고 있는데, 그에 대한 정보가 모호하다고 느낀다."
5,"미국 연구 결과에 따르면, 건강한 사람들에게는 음식 보충제가 유익하지 않을 뿐만 아니라 해로울 수도 있다."
6,"환자가 결과를 받고 치료를 중단한 이유와 첫 번째는 궁금한 인제에 대한 관심, 두 번째는 연구원이 계속해서 실내에서 활동하여 햇빛을 받지 못하는 것에 대한 걱정이 있다."
2,"환자가 집에서 비타민 D를 먹으라는 제안을 받았고, 현재 비타민 C와 D가 함께 들어있는 약을 복용 중이며 하루 한 번 복용 중이다. 계속해서 이 약을 복용해도 되는지에 대해 물어보고 있다."
6,"오메가 3는 필수 영양소이며, 강의에서도 필수 영양소로 언급되었습니다."
6,오메가 3는 몸에서 일부분을 만들지만 보충이 필요하다.
5,"오메가 3은 음식으로 섭취해야 하며, 올리브유나 들기름 같은 음식과 생선에 많이 함유되어 있음. 부족한 경우 영양제로 보충 가능하며, 오메가 3은 유익하다는 자료가 많다."
5,현대인들이 가장 고통 받는 이상지질혈증과 콜레스테롤 상승에 대해 이야기함.
5,오메가 3는 이런 경우에 효과가 있다. 부족하면 다툼이 있을 수 있다.
5,고지혈증 진단을 받은 사람들에게 오메가 3는 유익하지 않다.
5,최근에 계속 많이 나오는 증상과 함께 오메가 3의 다양한 기능을 고려해야 합니다.
5,"- 중년 이후부터는 종합비타민, 오메가 3, 유산균을 먹어야 함."
5,일상 생활에서는 영양소가 부족해질 수 있다.
6,"환자가 최근에 생선구이를 먹었으며, 오메가 3를 섭취했다고 언급하고 있다."
5,"예정된 식사가 부족한 영양소를 보충할 수 있으며, 중년 이후에는 오메가 3 지방산이 중요하며 몸에서 호르몬의 재료가 될 수 있다."
5,중년 이후로 성호르몬이 급격히 감소하므로 이를 방어하기 위해 충분한 재료가 필요하다.
6,인슐린은 오메가 3를 원료로 만들어진다.
5,중년 이후에 만성 질환 및 호르몬 관리를 위해 오메가 3가 필요하다.
5,환자에게는 오늘 선물로 비타민 D와 오메가 3이 들어있는 걸 권해주고 있다.
5,환자는 햇빛을 많이 받지 않고 실내에 오래 있어 결핍이 있을 수 있다.
2,"하루에 두 알씩 복용하고, 비타민 D도 복용해야 함."
3,뼈 건강을 위해 뼈로 칼슘을 공급하는 역할을 하는 뼈 건강 D가 중요하다.
6,환자가 우유와 멸치를 섞어 먹는 방법을 언급함.
3,칼슘이 소화되어 혈관을 통해 뼈로 이동하여 흡수된다.
5,"비타민 D는 햇빛을 통해 만들어지는데, 햇빛을 잘 못 보는 사람들은 부족할 수 있음. 혈액 검사로 결핍 여부 확인 가능하며, 종합검진 시 추가요금으로 신청 가능."
5,결핍으로 나오면 고압량에 비타민 D 5000을 섭취해야 함.
5,환자의 유치를 유지하기 위해 정상 수치인 2000을 유지하면 된다.
6,"환자는 다른 제품이나 혼합된 제품으로는 충분하지 않고, 정상으로 여길만한 제품이 필요하다고 말했다."
5,비타민이 간에 저장되어 필요할 때 사용된다.
1,"환자는 현재 비타민 B를 드시는데, 이는 피로해소 목적으로 섭취하는 것이 중요하다."
3,"비타민 B는 에너지 생산과 활력에 중요한 역할을 하며, 스타일에 영양소를 충분히 섭취하지 않는 환자는 비타민 B를 보충하여 에너지 생산을 촉진할 수 있습니다."
1,환자가 최근에는 비타민 B를 꾸준히 먹지 않고 있다.
6,환자가 오메가 3를 2개씩 먹는데 이제는 한 개만 먹으라고 하고 있다.환자가 뉴스를 보고 나서 오메가 3를 먹지 않고 있다.
5,식사할 때 기본적인 영양소를 챙겨 먹는 것이 좋다.
6,환자가 약을 별로 좋아하지 않는다.
6,환자는 어디서 보충제를 섭취해야 하는지 더 연구해야 한다는 것을 알아야 한다.
5,환자가 결국에는 피곤해진다.
1,환자가 더 신선한 음식을 먹는 방법에 대해 계속 고민하고 있음을 전달해야 함.
6,환자가 해당 사항을 갖고 있다고 말했다.
6,"안에 포함된 PADA GA가 합쳐져서 오메가 3이 되며, 비타민 D와 비타민 E도 함께 들어 있습니다."
1,"비타민 E는 혈액 순환을 도와주고, 오메가 3과 비타민 D가 함께 있는 제품을 하루에 두 알씩 섭취하면 좋다. 제품은 작고 향도 적으며 먹기 편하게 만들어졌다."
6,"환자가 약을 하루에 두 발씩 복용하는데, 비슷한 질문이 나와서 혼란스러워 한다."
6,"환자가 비타민 C와 D를 섞어 먹어도 괜찮고, 비타민 C는 항산화 기능이 있다고 한다."
5,"비타민 C 부족 시 얼굴의 붉은 부분, 입술, 입안이 불어날 수 있음."
5,염증이 있는 잇몸은 혈관이 많은 곳부터 와서 입에 터지면 출혈이나 부어오름 증상이 나타날 수 있음. 비타민 C 보충으로 혈관을 강화시켜주는 것이 도움이 될 수 있음.
5,혈관들도 노화를 방지해 주는 역할을 하기 때문에 영양 공급에 신경 써야 함.
3,비타민 C는 수영성이므로 많이 섭취해도 빠르게 배출되며 소변으로 배출되기 때문에 걱정 없이 섭취할 수 있다.
2,피곤한 날에는 한 알만 드셔도 되지만 두 알을 드셔도 됩니다. 두 알을 드시면 더 개운해질 수 있습니다.
6,"오늘 환자가 힘들어 보였고, 비형리 법인이 인상적이었다."
6,약국에서 병을 치료하는 것보다 돈을 벌기 위해 환자들에게 많은 약을 판다는 감정을 느꼈음.
6,"약국에서의 수익을 지역사회에 환원하여 아픈 사람들을 도와주고, 정보를 제공하여 선순환을 만들기 위해 노력중이다."
6,환자가 약사로서 일을 할 수 있을 것으로 예상한다.
5,"의료진은 사람들을 건강하게 하는 것이 중요하며, 약사들이 돈을 위해 환자들을 아프게 하지 말아야 한다.환자의 생각과 건강이 중요하다."
6,의약품을 새롭게 변화시키기 위해 약사가 새로운 제품을 만들었다.
6,"환자가 바쁠 것 같다는 이해를 표시하는 대화이며, 상대방의 이해를 감사하며 전달한다."
6,환자에게 좀 전에 설명한 내용을 정리해서 메일로 보내줄 것이라고 약속함.
6,환자에게 기업 소개 자료를 제공하고 봐달라고 요청함.
6,환자가 인사 후에 무슨 말씀하실까요?
6,환자가 전민 선생님의 자료를 받고 읽고 있으며 현재 복용 중인 약을 가져왔다.
5,"환자가 간염 약을 복용 중이고, 복용 기간이 오래되었음."
1,"10년 전부터 장복을 하며 약을 복용 중이었고, 최근에는 바라크루드에서 비리얼로 약을 변경했음. 이유는 주로 보시는 바이러스 때문."
5,바이러스 수치가 감소하여 약을 바꿔먹어야 한다.
4,"환자가 새로운 약을 처방받았는데, 약을 먹으면 부작용이 있을 수 있다는데 무엇을 조심해야 하는지 궁금해하고 있다."
2,매일 복용해야 할 약을 종종 까먹는 상황이 있음.
6,환자가 상대방의 말에 동의한다.
6,"약물의 효과와 부작용에 대해 설명하고, 바쁜 일정 때문에 교수님에게 질문하기가 어려운 상황을 언급함."
6,환자가 몸이 아파도 꼭 참아야 하는 것이 아니라고 말했다.
6,환자가 마클피리얼을 처방 받아야 함.
3,약을 변경하는 이유는 내성 문제를 해결하기 위해 바이러스 억제를 목적으로 한다.
3,"약물은 증식을 억제하는 역할을 하며, 사망을 유발하지는 않는다."
6,"""코로나는 현재 우리가 경험하는 대표적인 바이러스이며, 살다가 원래 죽는다."""
5,환자의 상태가 계속해서 악화되고 있어서 증식을 계속하면 결국에는 죽게 되는 상황이다.
5,"감염병 예방을 위해 증식을 억제하는 것이 중요하며, 간염 보유자는 증식을 얼마나 잘 억제하는지에 대해 관심이 있습니다."
5,"항암제 내성으로 인한 걱정이 있고, 내성이 생길 수 있다는 점을 알려줘야 함."
4,"환자가 계속해서 치료를 받다가 약물 내성으로 생을 마감할 수 있으며, 이는 의료진의 큰 걱정이다."
6,"환자의 내성이 형성되면 다른 약물이나 병용 요법이 필요해지고, 이는 나쁜 상황이다. 현재 상황에서는 약물 억제가 잘 되고 있으며, 치료가 잘 진행되고 있다고 볼 수 있다."
4,약물에 대한 부작용으로 바이러스에 대한 내성이 발생할 수 있음에 대해 설명을 요청함.
6,"알게 된 약을 계속 복용해야 할 필요성에 대해 의문을 표하며, 오랫동안 동일한 화학물질을 섭취하는 것이 건강에 미치는 영향에 대해 궁금해 한다."
6,몸을 느끼기에 어려운 변화가 있을 수 있음.
6,이약이 없을 때 간에서 대사를 시켜서 사용해야 한다.
3,약물 대사 과정이 소모되는 물질들을 사용한다.
5,"병의 진행이 빠른 것이 아닐 수 있으며, 노화라는 것이라고 설명함."
5,"간염 약을 먹어야 간 손상을 막을 수 있고, 노화가 빨리 오는 것을 예방할 수 있습니다."
6,"약을 먹는 것이 노화를 늦추는데 도움을 줄 수 있으며, 약의 성분은 몸속에서 희석되어 효과를 준다."
3,환자가 대사시키기 위해 방문했음을 나타낸다.
6,"고혈압약이나 당뇨약과 같이 일생에 걸쳐 복용해야 하는 약들은 모두 그렇다는데, 이제 애를 쓰면 나아지겠지요."
5,"약을 먹지 않으면 상태가 더 나빠지고, 약을 먹으면 노화가 빨리 올 수밖에 없다."
5,"생활 습관이 중요하며, 강조되어야 한다."
5,"운동과 스트레스 관리를 해야하며, 노화가 빨라지는 이유 중 하나는 약 때문이다."
5,로화 촉진을 위해 신선한 음식을 섭취하고 비타민을 복용하여 항산화 기능을 유지해야 한다. 살 찌우지 않도록 주의해야 한다.
5,비타민이 풍부한 신선한 이제 식자재를 먹어야 하며 바라크루드를 복용할 때는 복용 방법에 대해 안내를 받아야 함.
2,식후 2시간 후에 복용해야 합니다.
2,"아침에 복용한 후, 먹은 후에 먹으라는 안내를 받았습니다."
6,"약사가 자신이 약을 제대로 지키지 않았다고 인정하고, 이것이 중요한 영향을 미쳤는지에 대한 질문을 했다."
5,매일 24시간마다 먹는 것이 중요하다.
6,약을 복용할 때는 정해진 시간 간격을 꼭 지켜야 합니다.
3,약물을 계속 복용하여 몸에 지속적인 효과가 있도록 간격을 유지해야 한다.
5,약이 존재하지 않는 시간이 우리 몸에 더 중요하다.
5,식사 후 2시간 이내에 약을 복용해서 효과를 줄이기 위해 시간을 지정하는 것이 중요하다.
2,"식후 2시간에 약을 먹을 수 있는 시간이며, 아침과 점심 모두 가능하다."
6,환자가 그때로 결정했다.
6,아침에 꼭 복용해야 하는 약이 있고 환자는 상관없다고 말했습니다.
6,"식후 2시간은 약물의 흡수를 최적화하기 위해 중요하며, 약물 효과를 향상시키고 부작용을 줄일 수 있습니다. 이에 따라 약물 복용 시 식후 2시간 규칙을 엄수하는 것이 중요합니다."
5,소화를 돕고 음식물을 제거하여 영양소가 흡수될 수 있도록 하는 중요한 과정이 필요하다.
6,약사가 환자의 말에 동의하고 있음을 나타냄.
5,"환자는 음식이 질병에 영향을 미치지 않는다고 생각하지만, 약을 복용하는 동안 식사에 주의해야 한다는 사실을 인식해야 합니다."
2,"약은 온전히 몸에 들어가야 하고, 다른 약과 상호작용 가능성이 크므로 음식이나 다른 약과 함께 복용하지 말아야 한다."
6,환자가 현재 복용 중인 약에 대해 의심하고 있음.
3,"약물 복용 시, 간대사에 영향을 주는 약들과 해당 약물을 분해하는 효소를 주로 고려해야 합니다."
3,환자가 이약이 흡수되는 것이 중요하다고 강조하며 진료 시 약을 복용하고 있음을 알림. 상호작용을 고려한 처방이 가능하다고 함.
6,"약을 계속해서 복용해야하며, 빠뜨리지 말아야 함."
2,"환자가 중요한 약을 매일 오후 3시에 먹어야 한다고 약속했으며, 12시간 기준으로 깜빡하지 않도록 주의해야 한다."
2,환자는 6시에 약을 먹어야 한다고 말했다.
2,"식사 시간을 기준으로 12시간이 안 지났으면 즉시 먹고, 12시간이 지났으면 그 시간을 건너뛰고 다음 시간에 먹어야 합니다."
2,약물을 복용한 후 12시간이 지났다.
2,환자는 약을 복용할 때 알람을 설정하고 작은 병을 이용하거나 약병을 구매해야 하며 항상 주머니나 가방에 몇 개의 알약을 넣어 다니는 것이 좋다.
6,약사는 환자에게 가장 좋은 시간은 바라크르드 때문에라고 말했다.
2,약을 자기 전에 잘 준비를 하고 먹고 잠자는 것이 몸에 좋다.
5,환자가 아침을 잘 못 챙기는 경우가 많아서 약을 건너뛰는 상황이 있다고 전달함.
6,저녁 시간에 평소처럼 약을 복용하는 것이 더 좋을 것 같습니다.
6,"환자는 뭔가를 좋아하는 것 같고, 상대방이 이를 진작 알았으면 좋겠다고 말했다."
5,환자는 아침에 약을 먹는 것이 중요하다고 생각하고 있다.
6,- 약사가 충분히 설명하지 못했고 바라크루드를 밤에 복용했으므로 아침에 복용하는 이유를 설명하지 못했다.
6,환자가 이해했다는 내용을 전달함.
6,약사는 다른 약재와의 상호작용을 확인해야 한다.
6,간염 환자는 특히 피해야 할 영양제가 있을 수 있음을 알려줘야 함.
5,환자가 특히 피해야 하는 것은 연년제 음이다.
6,영양제 종류가 환자에게 맞지 않을 수 있음을 암시함.
5,영양제가 간에 영향을 주는 약물은 없으므로 걱정하지 않아도 된다.
6,환자는 해당 부분에 대해 더 이상 걱정할 필요가 없다.
5,항산화 영양제를 들여도 노화 촉진을 예방할 수 있어서 항상 드시는 게 좋다.
3,"항산화제로 유명한 비타민은 A, C, E이다."
5,항산화제를 꾸준히 복용하면 좋을 것 같다.
5,환자의 아이가 필수 영양소 중에서 섭취가 부족한 오메가 3를 선물로 받을 예정이다.
6,환자가 상담 내용을 메일로 정리해서 보내줄 것을 요청함.
6,"윤소진 과장님께서도 질문이 많아서 시간이 부족하다고 하며, 처음이라는 이유로 어려운 상황임을 설명함."
6,연구원들이 다른 것보다 건강에 더 관심을 가지고 있음.
6,"환자가 정보를 쉽게 받을수록 혼란이 늘어날 수 있다. 

환자가 정보를 쉽게 받을수록 혼란이 늘어날 수 있다."
6,한약이나 한의원에서 처방하는 약재들이 간에 영향을 줄 수 있다.
5,"한의원이 성분을 공개하고, 데이터가 축적되면서 양방이 중심이 되어 한방을 보조하는 경우가 많아지고 있음.화 현상 있었으며 그로 인해 대처가 어려웠으나, 이제는 적절한 대책을 마련할 수 있게 되었다."
6,한방 치료는 치명적인 단점을 극복하기 위해 많은 노력이 들어간 것으로 보입니다.
5,"환자는 이제 보유 질환을 숨기지 않고 정직하게 이야기하고 있으며, 간 수치에 영향을 주지 않는 행동을 하고 있다고 느낀다."
6,"한의사들은 이제 더 다양한 치료 방법을 선택할 수 있게 되었고, 한약을 통한 치료가 예전만큼 흔하지 않아졌다."
3,"한약재의 특성상 양방은 한 성분을 치료약으로 사용하고, 한방은 추출액을 사용하여 성분이 많음."
6,환자는 지금 상황이 더 부담스럽다고 느낀다.
5,"간염 보유자는 한약을 선택하기 어려울 수 있고, 한의원에서도 권하지 않는다.환자에게는 한약을 복용하기 전에 의사와 충분한 상담이 필요하다."
6,환자는 이미 질병을 가지고 있거나 병을 낳기 위해 양을 지니고 있다고 생각한다.
5,"몸에 기운 도는 증상이 있을 때, 약간 덮고 습하고 이런 날씨에는 가끔씩 약을 복용하는 것이 좋다."
5,약사가 말한 것을 조심해야 할 때가 있음.
5,환자가 음식에 대해 물어보고 있음.
6,"환자가 한의원에서 약을 구매할 때, 그냥 필요한 약을 요청하면 알아서 주신다."
6,"환자가 의약품 효과에 대해 물었고, 약사는 이를 잘 모르는데 와이프가 약효를 경험했다고 언급함."
5,"아이들이 요즘 땀을 많이 흘리고 기력이 없을 때 한 3, 4일치 약을 먹으면 에너지가 돌아오는 것을 눈으로 확인할 수 있으며, 간염 보유자가 아닌 사람들도 활용할 수 있다."
6,환자는 걱정하지 않아도 된다고 하며 상태는 정상이었다.
5,"한약 복용으로 간 수치가 높아진 경우, 이는 지방간이 있었거나 그런 경우가 더 많다는 경향이 있으며, 최근에는 그러한 사례가 줄어든 것으로 보인다."
6,환자가 한의원에서의 관리를 이해하고 감사의 말씀을 전하며 약을 받아가며 고생 많았다고 말했다.
6,"환자와 약사의 인사 후, 대화가 시작될 준비가 되었다."
6,약사의 제품이 인기를 얻고 있다.
5,환자가 많이 늘어서 처리하기 힘들다는 상황을 표현하고 있음.
6,환자가 약사에게 연락을 취함.
7,환자에게 선물이 있다.
6,"환자가 고지혈증 약을 복용 중이며, 발갱곤 증상으로 발전할 가능성이 있어 메일을 통해 빠른 조치가 필요하다."
6,환자가 이전에 끊은 약을 해당 내과에서 다시 처방받지 않기를 원함.
6,환자가 와이프에게 비타민 이널을 챙겨주었다.
5,환자가 최근 건강이 좋지 않고 기력이 없어 영양제를 먹어야 할지 고민하고 있음.
5,"환자의 간 수치가 항상 높게 나와서 병원에서 먹지 않길 권유하고 있지만, 환자는 계속 관리중이며 어떻게 하면 좋을지 모르고 있다고 말했다. 최근 간 수치가 여전히 높은지 물었음."
4,환자는 경고등을 본 후 체중이 정상으로 돌아왔지만 다시 살이 찔 때 약을 먹지 않는다고 말했다.
5,피부과 약과 다른 약을 함께 복용하면 수치가 많이 올라갈 수 있다.
5,약을 먹지 않고 있는데 간 수치에 영향이 있어서 걱정되는 상황.
4,"가족력이 크고 경고등이 켜진 환자는 계속 신경을 써야 하며, 환자는 계속 왔다 갔다 하고 있다."
5,허가받은 영양제를 복용하더라도 간 수치가 쉽게 오르지 않는다.
6,"환자가 스테로이드 치료를 위해 액기스나 유사 약물을 복용하고 있으며, 간수치가 상승했다는 내용을 전달해야 함."
5,건선에 사용하는 먹는 약은 피부 간지럼을 완화하지만 치가 과도하게 올라갈 수 있음.
6,환자가 내과 진료를 받으면서 약을 끊으려고 하는데 어쩔 수 없는 상황인 것 같다.
5,"건선 치료를 위해 약을 먹지 않으면 차도가 발생하며, 약을 먹으면 간 수치가 너무 높아질 수 있다."
6,"약사가 이제 바나히 약을 복용하고 술을 줄이라고 권고하고, 약을 복용하면 혈당 수치에 영향을 줄 수 있다."
5,건강한 사람이 건선약을 복용하면 간수치가 올라간다. 이는 정상 범위 내의 변화이다.
6,"약물의 사용량을 많이 낮춰야 한다는 기준과 일반적인 간수치를 낮춰야 하는 이유를 설명하고, 이에 대비해서 약물을 정상적으로 사용하는 것이 중요하다고 강조함."
6,환자가 현재 복용 중인 약물이 안전 범위를 벗어나고 있다는 내용을 알려야 함.
6,환자의 정상 범위가 다른 사람들에 비해 크다는 점을 약사가 이해하고 있다.
5,"항상 간당간당한 데 있어서 약물 영양을 많이 타는 것은 예약으로 인한 영향이고, 이는 누구에게나 비슷한 현상이다."
5,"운동과 식단에 따라 체중이 변하므로, 이에 맞게 조절하고 건강식품은 크게 영향을 주지 않는다."
5,환자가 현재 피로감을 느낀다고 전달함.
6,환자의 시력이 나빠 보인다.
6,약을 드시는 것이 좋을 것 같습니다.
6,환자가 병원을 잘 안 가는 이유를 알아봐야 함.
6,약을 병원에서 처방받아야 더 효과적이라고 함.환자는 약국에서 처방받은 약을 먹어도 낫지 않다고 생각하고 있음.환자의 주변 사람들과 와이프는 병원으로 빨리 가야 한다고 생각함.환자는 번거로움을 피하기 위해 병원에 가지 않고 약국에서 약을 구매하고 있음.
6,약국에서 쓰는 약과 병원에서 쓰는 약의 차이는 없다.
5,"항생제는 대부분의 감기에는 필요하지 않고, 염증이 심할 때 사용될 수 있다. 병원에서만 처방받을 수 있다."
5,코와 가래 색깔이 누렇다면 생항생제를 복용해야 합니다.
6,"약 성분은 약국에서 파는 약과 콧물약은 비슷하지만, 병원에서는 소독을 통해 직접 세균을 제거할 수 있다."
6,치료 기간을 단축하려면 증상이 그 정도여야 하며 병원과 약국 약의 차이는 특별히 없다.
5,감기 초기에 개입하는 것이 좋습니다.
5,비타민을 더 세게 섭취하여 면역력을 강화하여 병을 이겨나가도록 하자.
5,환자의 와이프가 키운 병 때문에 병원에 가기 싫어하며 약을 잘 안 먹는다. 일주일 후에 괜찮아진다고 생각하며 감기가 아닌 것 같은데 계속해서 이어지고 있다고 언급함.
5,환자가 타이레놀을 종종 복용하며 가끔 몸이 좀 아프거나 열이 나는 경우가 있다. 그러나 타이레놀을 과도하게 복용하는 것은 좋지 않다.
5,과식 시 하루에 과일을 8개 이상 먹으면 안 좋다.
6,환자가 감기약을 복용 중에 타이레놀을 추가로 복용하면 몸에 맞지 않는 것 같다고 느낀다.
3,"일반 감기약이 아닌 타이네롤은 진통제뿐만 아니라 열을 낮춰주는 효과도 있으며, 이는 몸의 기능을 좋게 한다."
5,"환자는 감기약을 복용할 때 증상에 맞게 복용해야 효과적이며, 콧물이 없는데 콧물과 관련된 감기약을 복용하면 오히려 불편함이 더해진다."
5,"환자가 음식을 딱 맞춰 먹지 않으면 기침이 나고, 귀찮으니까 그냥 종합적으로 먹는다."
4,코감기 약을 사용하지 않는 것이 좋다.
5,회사에서 다 종합감기하고 입도 말라서 물 많이 마시고 약을 먹어야 함.
6,의사가 환자에게 가능한 일들에 대해 말했다.
6,와이프가 코에 쓸 시콜이 필요한데 요즘 야구에서 많이 팔리지 않는다고 함.
6,환자가 어떤 약을 먹는데 효과가 좋다고 느꼈다.
6,감기약을 종합해서 계속 복용하는 것이 불편하며 새로운 불편함이 생길 수 있다는 것이 문제이다.
6,"종합감기약을 먹을 때는 비상약을 상시로 갖다 놓아야 하고, 약을 구비할 때는 나눠서 해야 한다.회사 차원에서 비상약을 상시로 갖다 놓는다."
6,일반적인 감기약보다 코에 특화된 약을 사용하는 것이 더 효과적일 수 있다.
5,감기가 오면 어디가 제일 불편한지 말해주세요.
5,편도선이 간질간질하면 시작될 수 있음.
5,"물을 많이 마셔야 하며, 목이 조금 아프고 감기 증상이 나타날 수 있음."
6,환자는 항상 감기에 걸리지 않는다고 말씀하고 있습니다.
5,편도선 염증으로 목이 아프면 열이 쉽게 나게 됩니다.
3,환자가 타이루널을 맞아서 좋다고 느끼고 있다.
5,"환자의 목이 부었을 때, 약사가 말합니다."
5,목이 부우면 임파선이 있는 곳에서 림프와 백혈구 숫자가 늘어날 수 있어서 열이 나는 경우가 있다.
5,열이 생기면 방어막을 부축하는 과정이 일어나고 체온이 올라가면 사람은 약해지게 된다.
5,환자는 집중력이 떨어지고 머리가 아프다고 하며 타이레놀을 먹는다.
6,"환자가 약을 약하게 먹어도 효과가 있는 것 같고, 와이프도 약을 잘 안 먹는다고 함."
4,강한 약이나 에드빌 등을 복용하면 효과를 느끼지 못한다.
6,"환자가 현재 약물에 대한 효과와 내성에 대해 걱정하고 있으며, 약물을 규칙적으로 복용해야 할 필요성을 강조하고 있다."
6,"다양한 사람들은 소화 속도가 다르며, 커피를 마셔도 잠을 잘 수 있는 경우가 있다."
6,환자가 내성이 발생한 것이 아닌 본인의 대사 속도가 빠른 것 때문일 수 있다.
5,환자의 와이프와 비교해서 체중과 근육량이 많다고 함.
6,"환자가 마음에 드는 대답을 해주었고, 의사에게 감사의 말을 전했다."
5,환자가 약을 제대로 먹지 않아서 병이 악화되었을 수 있음에 감사함을 표현함.
6,의약품을 준비하여 약사가 준비를 마쳤음을 환자에게 알렸다.
6,"환자가 이료사와 대화하며, 현재 식사를 하고 있어서 영양식품을 섭취 중이라고 전달함."
6,"환자가 아침에 야채 갈아놓은 것을 먹고 있고, 와이프가 선물한 일본에서 받은 약물을 하루에 두 알씩 복용하고 있다."
2,식기마자 두 알씩 먹으면 위에 좋다고 해서 2주간 먹었는데 효과를 봤다.
6,"환자가 이전에 입원한 적이 있고, 출소 후 술자리에서 문제가 있었음."
6,일본 출장 중에 술을 마셔서 속이 안 좋아서 다른 약도 복용하면 좋다.
6,환자가 맞아야 한다고 합니다.
3,"메가히트는 양대추 추출물을 주 원료로 한 제품으로, 전막을 재생시켜주는 역할을 한다."
5,위산으로 인해 위장이 공격당할 때 빠르게 복구시켜주는 역할이 편안한 느낌을 준다.
2,"환자는 2주간 매 식사마다 두 알씩 약을 복용해야 하며, 계속해서 복용해도 상관없다고 한다."
6,환자에게 상비약으로 오해하지 말고 주의사항을 잘 숙지하고 복용해야 한다.
6,피곤할 때는 프로바이오틱스 요거트를 많이 섭취했다고 말했다.
5,환자는 아침에 일어나면 양치를 하고 물을 마시며 유산균을 두 알씩 먹고 있다.
6,"둘 다 프로바이오틱스를 복용하는 이유를 알고 싶고, 예전에 먹던 제품과 현재 새로 산 제품을 혼용해도 되는지 물었음."
6,"유산규는 더 먹어도 크게 상관없고, 다시 구입할 수 있다."
6,"환자에게 두 가지 약을 함께 복용할 필요 없이, 먹을 때 따로 먹는 것이 좋다고 이야기했다."
5,환자는 여기서 술을 많이 먹지 않는다.
6,환자가 술자리가 많이 없는 느낌이지만 현재는 그렇지 않다고 말했다.
5,"식물 추출물은 위장과 간에 좋은 영향을 줄 수 있으며, 식사 전에 섭취하는 것이 좋다."
6,"환자가 와이프가 매일 먹는 약들과 비교해, 자신이 간헐적으로 복용하고 있는 영양제에 대해 이야기했다."
6,"환자가 증상이 많다고 느끼고 있는데, 문제가 있는 부분을 이곳부터 살펴보는 게 좋을 것 같다고 안내받았다."
6,환자에게 중요한 내용을 전달해야 함.
6,"환자는 프로페쉬와 판토시기를 처방받았고, 꾸테머 때문에 꾸준히 복용 중이다."
2,의사들이 모여 있는 곳에서 고지얼증 약을 받았지만 깜빡하고 먹지 않았음. 약 번거로워서 일로 온 다음에 받기로 함.
5,"환자가 병원을 방문하여 기획이 있어 고지얼증 약을 현재 먹지 않고 있다고 전달했으며, 작년 건강검진 결과와 이데 약 복용에 문제가 없다고 느낀다."
5,환자가 최근 한두 달 사이에 금연을 시도하고 있지만 운동은 꾸준히 하고 있다.
5,"환자는 매일 꾸준히 운동을 하고 있으며, 아침에 일찍 출근해야 하기 때문에 일정을 조절하고 있다."
5,"환자는 술자리가 줄어들어 피 검사 한 번 받고, 약 복용 여부를 결정해야 한다고 느낌."
5,약을 끊은 지 두 달 동안 눌러졌던 증상이 거의 없어졌으므로 생활에 큰 영향을 받지 않을 것이다.
5,"고지혈증은 내과에서도 피를 뽑아서 검사할 수 있는 질병이며, 건강검진 날짜가 어려울 경우 내과에서도 검사 가능하다."
5,당신이 그때 생활을 제대로 관리하지 않아서 음주 등이 영향을 미쳤을 것이다.
5,가족력 때문에 혈액 수치가 좋아졌는데도 여전히 높은 채로 유지되는 경우가 있음.
5,혈관이 막히는 증상이 있으므로 빨리 검사를 받아보는 것이 좋다.
6,환자가 보여준 것들은 신중하게 선택한 것이라고 생각한다.
6,환자의 와이프가 약물을 겹치지 않게 하나씩 먹도록 조언함.
6,환자가 제품을 골라 구매하는 것에 관심이 많다.
5,환자가 제시된 음식을 섭취하는 것이 건강에 도움이 될지 장담할 수 없다고 생각합니다.
5,"환자가 매일 짜죽을 먹고 있고, 이에 대해 어떻게 생각하는지에 대해 이야기함.환자는 매일 짜죽을 먹는 것에 대해 고민하고 있음."
1,"환자가 유산견에게 아침마다 물을 먹이고, 으꿈을 먹이며 프로피시와 팔트미시즌을 투여하고 있다."
6,"환자는 집에 있는 음식을 꾸준히 먹고, 다양한 종류의 반찬을 한 번에 먹는 것이 위험하지 않다고 말했다. 그러나 너무 많이 먹으면 위험할 수 있으니 조심해야 한다."
5,"항산화제를 많이 복용 중이고, 글루타치온과 비타민 C이다."
3,"환자가 코그엔자인, 큐텐, 스피룰리나 등 항산화 효과가 있는 약물을 고르면서 환자가 항산화에 집중한 것 같다."
5,환자가 노화방지 제품을 많이 선택하고 있다.
5,"유산균을 별도로 섭취하여 장 건강을 유지하는 것이 중요하며, 장 상태가 좋지 않다는 느낌이 들 때는 더 유의해야 한다."
6,"- 환자의 와이프가 유산균 음료를 마셨는데, 가격이 비싸다고 함."
5,한 달에 몇 만원짜리 유산균을 가족들이 챙겨 먹는 것이 좋다.
5,대장 건강이 중요하며 변비와 설사가 있는 경우 유상균 검사가 필요하다.
5,장에서 균들이 싸워서 문제가 생기면 해결되고 나면 비타민도 생산된다.
5,"소장은 음식물로부터 영양소를 흡수하는 구간이며, 건강을 좋게 하는 데 유익균이 쓰이고 정신건강에도 도움을 준다."
3,장에서 분비되는 기분 좋은 호르몬 물질들이 신호를 주는 것을 알려줘야 함.
5,장이 좋아지면 우울증에 대한 방어력도 높아진다.
6,유상균은 중년 이후에 꾸준히 복용해야 한다.환자에게 권장한다.
1,다양한 종류의 약을 매일 꾸준히 복용하는 것은 중요하다.
6,"불안함 없이 조금 더 골고루 식사해야 하며, 우선적으로 코인 자임 큐 텐을 강조하고 있습니다."
5,"고지혈증 약을 오래 복용하면 코엔자임 큐텐을 소비하게 되고, 이는 인간이 태어날 때부터 갖고 있는데 심장을 활성화시키는 역할을 합니다."
3,"산화물질로부터 혈관을 보호하는 역할을 하는 향산한 물질이 필요하며, 이는 약을 많이 복용할시 소모되므로 보충이 필요하다."
5,"환자는 코인자인드 텐과 유산균을 우선순위로 두는 것이 중요하다고 생각하며, 아침에는 간단히 저녁에는 두유와 견과류를 섭취하는 것으로 식사를 대체한다."
5,"식사 후 야채를 먹는 것이 좋으며, 식사를 거르면 안 좋다."
2,환자는 도착까지 지나치게 자지 않으려고 10시 반에서 11시에 잘겠다고 계획 중이다.
6,환자가 아침에 일찍 일어나서 시간이 부족하기 때문에 식사를 건너뛰는 것이 좋다고 말했다. 이는 칼로리를 줄이는 데 도움이 된다.
6,환자가 해당 증상을 경험하고 있으며 자기도 비슷한 경험을 한다고 말했다.환자가 증상을 인지하고 있고 도움을 요청하고 있다.
5,서울시에 있는 식사의 칼로리가 권장량을 이미 초과한 것으로 보입니다.
5,"환자는 아침에도 식사를 무료로 받고, 운동을 하면 식사가 잘 들어가기 때문에 식사량이 그리 많지 않다고 생각한다. 체중적으로도 좋은 상태라고 생각하고 있다."
5,근육량이 많고 관리를 잘하고 있는 것 같습니다.
5,"고지혈증과 비만으로 인한 질병 예방을 위해 근육량이 중요하며, 나이가 들면 이러한 질병의 발생 가능성이 높아진다."
5,"근육량을 늘리면 당뇨 관리가 쉬워지고, 근육을 유지하지 않으면 식사 제어해도 효과가 없다. 운동은 중요한 습관이다."
6,포항으로 이동하는 길이 막힐 수 있으니 일찍 출발해야 한다.
5,"환자는 10명이 함께 운동을 하지만, 건물 내에 운동하는 것이 불편하며 각자 따로 떨어져 있는 건물에서 운동하는 것이 편리하다."
5,"건물에 늦게 도착하면 일찍 오라고 하며, 처방을 받기 위해는 5시 반에 도착해야 한다."
5,"환자가 이전에 오고 지금 운동하고 씻고, 6시 반부터 식사 시작한다."
5,식사리를 먹으면 일찍 생활을 시작할 수밖에 없다.
7,인천에서 차가 늦게 나오면 소음이 심하게 들린다.
5,"환자는 50분 안에 올라가야 하고, 치장이 중요하며 수면 중간에 깨는 것은 피곤하다."
6,환자가 한 대 6 시간 동안 잘 자면 문제 없지만 중간에 한 번 깨는 경우가 있다고 함.
5,소변이나 다른 것에 물을 먹으면 안 된다.
5,저녁 이후에 물을 많이 마시면 소변을 자주 보게 된다.
6,"새벽에 소변 보면 피곤하고, 공복으로 잤을 때 더 푹 잔다."
5,"운동을 하지 않으면 뇌에도 영향을 미치며, 식사에 따라 잠을 자는 것도 달라질 수 있다."
5,저녁에 약속이 있거나 해서 조금 더 탄수화물 위주의 식사를 권장함.
5,탄수화물은 소화 속도가 빠르기 때문에 혈당이 빨리 오르고 빨리 떨어진다.
5,"혈당이 급격히 떨어질 때 몸이 위기 상태에 놓일 수 있으며, 이로 인해 수면 중에 깨어날 수 있음."
5,"식사 시 탄수화물을 줄이면 수면의 질이 더 좋아지고, 저녁에는 고기나 채식을 먹는 것이 좋음. 쌀이나 밀가루보다는 계란이나 당근 등을 섭취하는 것이 좋고, 탄수화물을 줄이면 더 숙면에 도움이 됨."
5,술을 마시면 더 잘 자는 것 같지만 그것은 잘못된 행동이다.
5,설만 시간에는 중간에 숙면제를 더 추가해야 한다.
5,"술을 마시면 깊은 수면에 들기 어려워지지만, 술은 잠들기 쉬운 수면을 유도할 수 있음. 램수면에 도달하는데 방해가 될 수 있다."
6,"수면 마취의 효과가 충분하지 않을 때는 수면이 튀어나올 수 있으며, 술을 마시면 수면의 질이 떨어질 수 있다.산부인과 진료 중에는 의사의 지시에 따라 제대로 수면을 취해야 한다.신경주사/마취시스템/안정화작용이 부족할 경우 수면이 나오지 않을 수 있다."
6,수면 중 방해 요인으로 백색소음을 틀거나 역사서 등을 읽어주는 것도 동의를 받은 적이 있다.
6,"환자가 재미있는 이야기를 듣다가 잠이 들기도 하지만, 최근에는 그로인해 잠을 이루지 못하는 상황이 생겨서 이야기를 듣지 않는 것이 좋을 것 같다고 말했다."
6,"생각이 많은 사람들은 생각을 하나로 모아 정신을 단순화할 수 있으며, 이것은 잠에 도움이 되고 없는 것이 더 좋을 수 있다."
6,"환자는 현재 생각이 많고 수면에 지장을 주는 영상을 보는 것보다는 다른 방법을 찾고 있으며, 잠이 오지 않을 때 어떻게 해야 할지 고민 중입니다."
5,"환자는 특정 날짜에 일찍 출근해야 한다고 생각하고 있으며, 이에 대한 준비를 하고 있다."
5,"환자가 이전 밤 일찍 잠자리에 들려고 노력했지만, 아침에 일찍 깼다."
5,"- 환자는 일요일밤에 잠을 이루기 힘들어서 불안하고 피곤함을 느낌
- 이로 인해 월요일에 대한 걱정으로 더욱 괴로워짐
- 잠을 자는 것이 중요하며, 잠이 안 올 때는 더 피곤해질 수 있음"
5,"환자가 최근 잠을 잘 못 자고 스트레스 받고 있는 상황이며, 2시에 잠을 자고 4시 반에 일어나는 상황이 지속되고 있다. 이로 인해 스트레스와 압박감을 느끼고 있다."
5,잠이 오지 않을 때는 누워서 조금씩 쉬는 것이 좋다.
6,눈을 감고 있는 것만으로도 우리 몸에 피로를 풀어주는 효과가 있다.
6,"환자가 코로나 백신을 맞은 지 2달 넘었고, 거리두기를 잘 지키고 있다고 말했다."
5,임시적으로는 거루를 많이 당할 수밖에 없으므로 아침 일찍 운동하고 식사를 챙겨 먹어야 한다.
6,"환자가 한 달 동안 과로로 피곤하다고 말했으며, 7시 전에 사무실에 와서 신문을 읽으라고 권유하였다."
5,"환자가 중간에 간 졸음을 경험했지만 지금은 나아졌으며, 일찍 자고 수면 시간을 늘리는 것이 좋다고 함."
5,"환자가 11시에 주무르고도 5시 반에 일어나야 하는데, 그 전에 40분에서 50분 일찍 일어나야 한다."
5,"8시간 이상 자는 것이 중요하고, 6시간 이하로 자면 첫 전적이 없는 것 같다."
5,"5시간 넘어가면 깨지는 느낌을 느끼는데 평일에는 적절한 시간에 자야 하고, 주말에는 낮잠을 자도 괜찮다."
5,"환자는 낮에 잘 수 없어서 피곤한 상태이며, 나아가서 버티고 있다."
6,환자가 좋은 일을 하고 있다는 사실을 인정해주는 것이 중요하다.
6,"환자는 처음으로 기업에 와서 일을 하는 중이며, 연구원들은 대부분 과제로 인해 스트레스를 받고 있다."
6,환자가 어떤 지인이 추천한 영양제를 시도해보려고 한다.
6,환자가 회사 일부를 구입하여 주고받는 것이 효과가 좋았다.
4,"임의로 약을 주는 것은 부작용이나 오남형의 가능성을 감안해야 하며, 회사가 이에 대한 책임을 부담할 수도 있다."
6,환자에게 상담 서비스를 시도해보기로 하는 상황 후 일단은 다른 것은 생각하지 말라고 안내함.
6,직원들을 위한 공채 키트를 만들어서 문제 없는 것으로 제작해야 함.
5,"- 약에만 의존하는 건 안 좋다고 생각해서 영양제를 추천함
- 운동도 중요하다고 강조함
- 대면 상담이 어려울 때는 복리우생을 고려함"
1,"영양제는 주로 환자에게 반짝하는 영양제를 제공하며, 이는 효과적인 선택이다."
6,영업직이나 약국과 같은 직군에서 효과를 빨리 보고 싶어하는 환자들은 비영리 기관보다는 큰 규모의 약국과 계약을 많이 선호하는 경향이 있습니다.
6,환자가 상담을 받다가 결국 추천 역량제를 많이 받게 된다.
6,"환자가 미래에 또 수술을 받게 된다면, 특정 물건을 가지고 와야 한다는 내용을 전달받음."
6,상담 후에 각 환자에게 맞춤형으로 추천 영양제를 제공할 수 있을 것으로 보인다.
6,환자가 해당 약을 다른 약국에서 받을 수 있다는 것에 동의함.
6,의료진이 환자에게 양성결과가 나왔음을 알려줘야 함.
6,영양제 복용 시 다른 약물과의 상호작용과 부작용이 발생할 수 있으며 이는 흔한 경우도 있을 수 있다.
6,"의사가 환자에게 의외로 많은 영양제를 복용하고 있는데, 월급으로 충분히 영양제를 구입할 수 있기 때문에 의사가 제품을 권하는 것이 필요한지 의심하고 있다."
6,환자는 자신이 구매한 제품을 어떻게 활용할지 상의하는 것이 더 좋은 것 같다고 느낍니다.
6,환자에게 쉬운 방법을 제안하고 있다.
5,"환자는 방문해서 받은 영양제가 버려지는 상황에 대해 이야기하며, 선물 받은 영양제가 실제로 자신에게 맞는지 확신이 없다고 말했다."
6,"상담 시간은 30분 또는 15분이며, 윤소진 과장이 시간 뒤에 있어서 대기 중이라고 함."
6,환자가 상담 내용을 치드백 받기 위해 장소를 이동하겠다고 전달함.
6,"환자가 말한 내용은 영어가 모두 소문자로 되어 있으며, 일정에 대한 칭찬과 다른 것이 다 똑같다는 언급이 있다."
2,"환자는 하루에 약을 두 알씩 복용해야 하며, 사무실에서 늦게 약을 복용할 예정이라고 말했다."
6,"환자가 가습기를 가져갈지 어떻게 할지 물어보고, 이전 상담자에 대한 언급을 한다. ""환자가 가습기를 가져갈지 물음."" ""이전 상담자에 대한 언급."""
6,"환자가 선생님께 서둘러서 쫓아갈 것인지 물어보고, 천천히 앞을 보는 것이 중요하다고 안내를 받음."
7,"환자는 6주 동안 10분씩 들어야 할 것으로 생각하고, 세 개의 판이 끝나면 카페에서 다음 일정을 정리하고 가야 한다고 말했다."
6,"환자에게 밭을 마치고 정리된 얘기를 보내줘야 하고, 이를 통해 만족도가 더 좋아질 것으로 예상됨."
6,환자가 이메일 수집과 대화 정리로 인해 지쳤다고 전달함.
6,환자가 만족도가 높을 때에도 추가 요청을 할 수 있다는 사실을 전달해야 함.
6,"환자가 말하기에, 사람들이 질문을 많이 하니 넉넉히 시간을 잡아주기를 바람."
6,환자가 다음에도 계속해서 처방받기 힘들다고 불평을 하고 있다.
6,"병원 진료 후 다음이 괜찮다면 긍정적으로 받아들이라고 하지만, 괜히 오버하지 말아야 한다."
6,환자가 돈을 요구하고 있음.
5,환자는 주관적으로 건강하지 않다고 느끼며 항상 피곤하고 부족한 점을 느끼며 살이 찌는 것 같다고 느낍니다.주변 사람들은 그런 질병이 없다는 말을 하지만 환자는 여전히 건강하지 않다고 느낍니다.
6,환자는 현재 정보가 많아지면서 듣는 내용도 증가하고 있다고 언급하고 있다.
5,"환자가 먹는 음식을 확인받고 싶어하며, 잘 못 먹는 경우가 많다."
6,환자가 그동안 시도한 다양한 치료들이 효과가 없었다는 것을 언급함.
6,환자는 더 문제가 뭔지 알고 싶지만 시간이 부족하다고 느낀다.
6,"환자의 상태가 확인이 필요하며, 확인이 가능할 것으로 보입니다."
6,환자가 과거에 구매한 내역을 확인하고 지우기 위해 현재 확인 중이라고 함.
5,"환자가 자신에게 최적인 음식 및 증상을 알고 싶어 하고, 피곤할 때 드러난 증상과 음식 선호도를 청취하여 진단에 도움을 얻고 싶어 한다."
6,"의료 전문가가 환자에게 확률적으로 결핍된 영양소를 확인하고, 이에 맞게 올바른 식이 권고를 하고 있다."
6,환자에게 이렇게 제안할 수 있음.
6,10억은 부족하고 리지가 적기 때문에 어려움이 있을 수 있음.
6,환자가 다양한 사람과 이야기하는 것이 도움이 될 수 있다고 말함.
6,환자는 신충 랜덤이 필요한 사람으로 보이지만 본인은 그렇게 느끼지 않는다. 하지만 참고로 해보는 것이 좋다.
6,"오정 실장님은 업무를 제대로 수행하지 못하고, 타자의 희생을 초래했다."
5,환자의 질병 상태가 의외로 심각하지 않고 백인고 의사도 동의한다.
5,환자가 술을 많이 마셔서 피로를 느끼고 감기에 걸렸다.
5,환자는 현재 질병 상태가 특별히 심각하지는 않지만 건강을 유지하기 위해 노원경 선생님과 계속 대화를 나누고 효과를 확인하고 싶어 합니다. 이제 하는 일에 대해 얘기하고 효과를 확인받고 싶어 합니다.
5,"환자는 3달 동안 처방받은 약으로 머리 탈모를 치료 중이며, 이 약은 머리 털이 쌓이지 않는다고 하지만 환자는 이전에 비슷한 약을 사용했을 때 다른 결과가 있었다고 언급했다."
3,"환자가 비타민 캐나민을 복용 중인데, 이는 비타민 B와 섭짓이 두드러기에 도움이 된다."
6,"마그네슘과 비타민 B를 추천받아서 먹었지만 먹지 않은 상황이며, 특정 증상이 발생할 수 있지만 대부분은 발생하지 않는다고 함."
5,비타민 B는 음식물에 풍부하게 들어있어 이미 충분히 섭취하고 있다.
2,"환자가 현재 복용하고 있는 약물을 계속 복용해도 무방하며, 탈모는 3개월 복용 후 2개월 정도 머리카락이 빠지는 상태이다."
6,환자는 잔머리가 나긴 났지만 여자는 1년은 들고가야 된다고 하더라고요.
2,"- 환자는 장기를 복용해야 하고, 특히 호르몬제를 유의해야 함
- 현재 환자는 호르몬제를 전혀 복용하고 있지 않음"
6,호르몬제가 없는 것을 알려줘야 함.
5,"트레논은 장기 병용을 피해야 하며, 탈모 치료를 위해 보통 3개월 복용 후 중단하는 것이 일반적이다."
3,환자에게 피지 분비를 조절하는 내용이 전달되었습니다.
5,"처방된 약을 복용하면 피지 분비가 줄어들어 두피가 건조해질 수 있으며, 이는 탈모 원인인 염증을 완화시키지 않고 오히려 악화시킬 수 있음. 이 약은 피부 전체에 영향을 미치며, 피지는 주름을 방지하는데 중요한 역할을 함."
5,"피부 기름기 조절이 중요하며, 무분별한 화장품 사용은 피부를 건조하게 만들 수 있음. 근유를 하면 냄새 감소 효과가 있음."
5,피지가 쭈니면 덜 나고 괜찮아 보이니까 안 모아도 괜찮을 것 같다.
6,"환자는 6개월 후 다시 병원을 방문할 예정이며, 10월에 그때 다시 상담을 받아야 한다."
6,"환자가 오메가 3을 먹으면 좋을 것으로 예상되며, 캐라민은 머리카락의 질을 좋게하는 역할을 한다. 발모를 돕는 것은 리녹시들이 역할을 하는 것이다."
5,머리가 자라도록 해주는 제품을 사용하면 머리카락이 튼튼하게 자랄 수 있다.
6,"- 로스를 사용해야 한 이유는 유상균을 방지하기 위함이며, 랍로스는 유상균과 관련이 있다.
- 몸은 균으로 이뤄진것이며, 머리에도 균이 살 수 있다."
5,"유해 세균을 방어하기 위해 캐라인 흡수가 더 잘 되도록 함. 최근에는 아르기닉 식품을 선호하며, 아르기닌과 비타민을 함께 복용하면 피로가 덜해진다는 경험이 있음."
3,아르기닌은 피로감을 줄이고 근육 피로도를 빠르게 회복시키는데 도움이 되는 약이며 갱년기 증상은 아직 확인되지 않았다.
5,땀이 많아지고 머리와 목 뒤에 땀이 나면 갱년기와 관련된 증상일 수 있다.
6,"다음 주 건강검진 때 여성호르몬 검사를 받게 될 경우, 여성호르몬 처방을 받으면 어떻게 해야 하는지 궁금해하는 상황."
3,여성호르몬 수치가 낮아 약을 복용해야 하며 이는 많은 유익한 효과가 있다.
5,"골다공증을 예방하고 갱년기 증상을 완화할 수 있지만, 여성 호르몬을 복용하면 유방암 발생 위험이 증가한다."
5,유방암 검사 주기를 유지하면서 약물을 복용해야 합니다.
5,"유방암은 누구에게나 생길 수 있고 자주 검사하면 초기 발견 가능성이 높아지는데, 이는 장점이자 단점이다."
5,"환자는 1년에 한 번씩 치과에 가는 것이 맞지만, 더 자주 가야 할 필요가 있는지 확인이 필요하다."
5,"골다공증 예방과 노화 지연의 장점이 있다.노화는 더 느리게 오게 하고, 골다공증을 예방하는 데 도움이 된다."
5,호르몬 수치가 채워지면 갱년기 증상이 수월하게 지나갈 수 있다. 호르몬 수치를 조절하는 것이 중요하다.
5,"떨어져 있는 상태로 약물치료가 유익하다고 판단되며, 검사 후 결과에 따라 진행할 것이라고 함."
5,치료 기간이 길어질수록 호르몬 치료를 받는 환자의 유방암 발생 확률이 높아진다.
5,"갱년기는 특정한 기간을 말하며, 여성의 건강과 변화에 영향을 미칩니다."
3,호르몬 수치가 급격히 떨어지면 신체 변화에 적응을 못해서 힘든 것이다.
5,갱년기 기간 동안 호르몬 치료를 하지만 일회적이며 일시적임을 인지해야 함.
5,오메가 3과 인가 3은 뼈 건강을 돕는데 도움이 된다.
6,"환자가 답변으로 ""예""를 전달했다."
5,오메가 3는 우리 몸에서 호르몬을 만들 때 필요한 재료이므로 검사와는 상관없이 섭취해도 좋음. 연어나 큰 참치는 누적된 해로운 물질이 있어 장기 복용시 안 좋을 수 있으므로 정어리나 멸치에서 오메가 3를 섭취하는 것이 좋음.
6,캐나다산 멸치와 정어리 제품이 많이 판매되고 있다.
6,의료기록에서 원료의 출처가 표시되는 것은 의무가 아니다.
6,어유를 함께 섭취해야 함을 알려줘야 함.
6,"환자가 알지 못하는데, 사실 가성비가 더 낮은 큰 거에서 추출하는 것이 가성비가 더 높다."
6,"요즘은 작은 생선에서 추출되는 시간이 짧고, 생각보다 짧다."
6,환자는 강의를 참여한 사람들이 재미있어하며 다행해하는 모습을 보여줌.
6,환자가 공부를 많이 한 사람들과 함께 있는데 어느 정도 수준을 맞출지 고민하고 있음.
6,"환자의 부모님도 대학을 졸업하고 좋은 직장에 있었지만, 처음 경험해보는 일에 대해 이해를 못하는 모습을 보여줌."
6,의외로 알고 있는 것도 유헨함.
6,특정 성별이나 나이에 맞는 영양제가 유용하다는 것은 잘못된 상식이며 주 마케팅 전략일 뿐이다. AG 50과 같은 제품은 없어도 된다.
6,의사가 환자에게 충분한 시간을 주지 않아서 환자가 말을 못 마무리했다.
6,환자가 전달하고자 하는 메세지에 혼동이 있어서 명확히 하고 싶어하는 상황이다.
6,영양제는 누가 먹느냐에 따라 수접이 달라진다. 남성과 여성에 따라서 영양제 종류는 다를 수 있다.
6,강의를 준비할 때 고민이 있었음.
6,"환자는 비타민 B와 오메가 3, 그리고 마그네슘을 복용하는데 가장 권장하는 비타민은 마그네슘이었다."
7,"환자는 과거에 수면에 문제가 있었지만 요즘은 잘 자는 편이라고 말하며, 더워서 잠을 제대로 못 자는 경우가 있다고 언급했다."
5,"- 환자가 수면에 문제가 있고, 수면에 도움을 주는 약을 찾고 있음."
6,환자가 현재 약을 복용하고 있거나 티트레이트나 첼린의 약을 먹었던 경험이 있다고 함.
5,"환자는 최근 잠을 잘 못 자는 문제가 있었고, 이로 인해 몸 상태가 변화한 것 같다고 언급했다. 이에 대해 더 알아봐야할 필요가 있다."
6,"환자가 약을 필요할 때마다 찾아가서 먹지 말고 의사에게 처방을 받아야 하며, 잠이 안 올 때는 특히 도움이 된다. 약을 갖고 와서 나중에 사용할 예정이다."
6,환자가 배너를 정리해놓았지만 수거와 수약을 끝내는 것을 잊어 사람들이 가져오지 않았다.
6,환자가 개인 정보이기 때문에 담당자가 아닌 정 선생님에게 직접 전달해달라고 요청하고 있습니다.
6,신청 시 개인정보 노출 우려로 거부하는 사람들이 많다.
7,"환자는 다른 사람들과 함께 모여서 이야기하기를 원하며, 민감한 정보는 개인적으로 전달받거나 직접 전달받지 않아도 된다고 말했다."
6,환자는 애언님과 함께 2층의 구 비즈니스 센터로 이동하여 모여야 함.
6,환자가 감사의 인사를 전하고 있다.
6,환자가 준비를 마치면 이 배를 가져올 것이라고 말했다.
